<?xml version="1.0" encoding="UTF-8"?>
<metadata><NPS_Info><MetaPurp>OnlineData</MetaPurp><MetaPurp>CSDGM</MetaPurp><MetaPurp>NPS</MetaPurp><NPS_Unit><UnitCode>GOGA </UnitCode><UnitType>Park</UnitType></NPS_Unit><DatStore><Category>Boundary </Category><Category>Land Status / Ownership </Category><DataSite>NR-GIS</DataSite><DSteward><cntinfo><cntorgp><cntorg>NPS - Land Resources Division, WASO-FC </cntorg><cntper>Roger Johnson </cntper></cntorgp><cntpos>Chief Cartographer </cntpos><cntaddr><addrtype>mailing and physical address</addrtype><address>301 South Howes Street Suite 208 </address><city>Fort Collins </city><state>CO </state><postal>80522 </postal><country>USA</country></cntaddr><cntvoice>970-484-6428 </cntvoice><cntfax>970-484-6432 </cntfax><cntemail>roger_m_johnson@nps.gov </cntemail><hours>7:00am-5:30pm Mountain Monday-Thursday </hours></cntinfo></DSteward></DatStore></NPS_Info><idinfo><citation><citeinfo><origin>Department of the Interior (DOI), National Park Service (NPS), Land Resources Division (LRD), Fort Collins Land Resources Program Center </origin><pubdate>20150409 </pubdate><title Sync="FALSE">Golden Gate National Recreation Area Tract and Boundary Data </title><edition>20150419</edition><pubinfo><pubplace>Fort Collins, CO </pubplace><publish>National Park Service Land Resources Division </publish></pubinfo><onlink>http://nrdata.nps.gov/programs/Lands/goga_tracts.zip </onlink><geoform>vector digital data</geoform></citeinfo></citation><descript><abstract>These ESRI shape files are of National Park Service tract and boundary data that was created by the Land Resources Division. Tracts are numbered and created by the regional cartographic staff at the Land Resources Program Centers and are associated to the Land Status Maps. This data should be used to display properties that NPS owns and properties that NPS may have some type of interest such as scenic easements or right of ways. </abstract><purpose>This data is intended to keep a record of ownership information. Tracts can represent several types of interest like fee and scenic easement, and can be under several types of ownership like NPS owned, private, other federal, state or county. This data set provides accurate and reliable ownership data for park management and acquisition priorities.</purpose><langdata Sync="FALSE">en</langdata></descript><timeperd><timeinfo><rngdates><begdate>20110930 </begdate><enddate>20150409 </enddate></rngdates></timeinfo><current>Beginning date is the first recorded conveyance date. Ending date is set to the last day the data set was updated. </current></timeperd><status><progress>Complete</progress><update>Continually </update></status><spdom><bounding><westbc Sync="TRUE">-122.939856 </westbc><eastbc Sync="TRUE">-122.276731 </eastbc><northbc Sync="TRUE">38.221742 </northbc><southbc Sync="TRUE">37.433804 </southbc></bounding><lboundng><leftbc Sync="TRUE">2483040.622469</leftbc><rightbc Sync="TRUE">2518025.292190</rightbc><bottombc Sync="TRUE">287903.395080</bottombc><topbc Sync="TRUE">313117.765448</topbc></lboundng></spdom><keywords><theme><themekt>ISO 19115 Topic Category</themekt><themekey>Boundaries</themekey><themekey>Planning Cadastre </themekey></theme><theme><themekt>None</themekt><themekey>Boundary</themekey><themekey>Ownership</themekey><themekey>Parcels</themekey><themekey>Tracts</themekey><themekey>LRDCAB </themekey></theme><theme><themekt>National Park Service Theme Category Thesaurus</themekt></theme><place><placekt>None</placekt><placekey>United States </placekey><placekey>National Park Service </placekey><placekey>Golden Gate National Recreation Area </placekey><placekey>PWRO </placekey><placekey>California </placekey></place><place><placekt>National Park System Unit Name Thesaurus</placekt></place><place><placekt>National Park System Unit Code Thesaurus</placekt></place></keywords><accconst>None </accconst><useconst>NPS Director's Order #25 states: "Land status maps will be prepared to identify the ownership of the lands within the authorized boundaries of the park unit. These maps, showing ownership and acreage, are the 'official record' of the acreage of Federal and non-federal lands within the park boundaries. While these maps are the official record of the lands and acreage within the unit's authorized boundaries, they are not of survey quality and not intended to be used for survey purposes." As such this data is intended for use as a tool for GIS analysis. It is in no way intended for engineering or legal purposes. The data accuracy is checked against best available sources which may be dated and vary by location. NPS assumes no liability for use of this data. The boundary polygons LRD creates represent the current legislated boundary of a given NPS unit. NPS does not necessarily have full fee ownership or hold another interest (easement, right of way, etc...) in all parcels contained within this boundary. Equivalently NPS may own or have an interest in parcels outside the legislated boundary of a given unit. In order to obtain complete information about current NPS interests both inside and outside the units legislated boundary, the tracts file created by LRD should be used in conjunction with this boundary file created by LRD. </useconst><ptcontac><cntinfo><cntorgp><cntorg>NPS - Land Resources Division, WASO-FC </cntorg><cntper>Sean Carlton </cntper></cntorgp><cntpos>Cartographer </cntpos><cntaddr><addrtype>mailing and physical address</addrtype><address>301 S. Howes Street Suite 208 </address><city>Fort Collins </city><state>CO </state><postal>80522 </postal><country>USA </country></cntaddr><cntvoice>970-416-8529 </cntvoice><cntfax>970-484-6432 </cntfax><cntemail>Sean_Carlton@nps.gov </cntemail><hours>7:00am-3:30pm M-F Mountain </hours></cntinfo></ptcontac><citeinfo>Microsoft Windows XP - Service Pack 2, Autodesk Land Desktop 2006 Project (DWG format)  </citeinfo><natvform Sync="FALSE">Shapefile</natvform></idinfo><dataqual><attracc><attraccr>The Tract_id, and Alpha data fields are provided by regional cartographic offices. The Date_Edit data field is added when the regional office submits the data to the Lands WASO Fort Collins office for inclusion in the national data set. All remaining tract attributes are updated from LRD's Master Deed Listing (MDL) nightly. By default the Status and Estate fields are included shape file dbf. All other MDL fields covered under the FOIA can be added to the tract dbf upon request.</attraccr></attracc><logic>Link and node polygon topology is created using AutoDesk Civil 3D 2011. The data is then exported to ESRI shape file format and reprojected from it's native Autodesk coordinate system to NAD83 generic latitude and longitude, LL83. </logic><complete>Information contained in LRD's land ownership databases is updated nightly however tract polygons are posted to the NPS Data Store on a monthly basis. Users can ensure parcel polygons have up to date ownership attribution after the publication date by contacting your regional LRD office or downloading the Current_Tract_Ownership_Data file located on the NPS Data Store (http://science.nature.nps.gov/nrdata/) in a dBase format. Please contact the data originator with any suggested corrections and updates. LRD's boundary polygons represent the current legislated boundary of a given NPS unit. NPS does not necessarily have full fee ownership or hold another interest (easement, right of way, etc...) in all parcels contained within this boundary. Equivalently NPS may own or have an interest in parcels outside the legislated boundary of a given unit. In order to obtain complete information about current NPS interests both inside and outside the units legislated boundary, LRD's tracts files should also be downloaded and used in conjunction with LRD's boundary files. The accuracy of the data varies depending upon source data used in various areas of the park. The order in which the segments are referenced this metadata are in the order that they were completed. They were completed in a particular order due to a request from the Golden Gate GIS specialist. For segment 01, the majority of the boundary was COGOd using BLM ROS 5 and tied down to the ground with GPS points provided by the GIS specialist from GOGA. The shoreline was created by using NOAA shoreline data, and consequently the 50 year lease tracts were created by performing a buffer off of the NOAA shoreline. The remainer of the tracts were COGO'd through the use of legal descirptions, and/or deeds. FOPO and SAFR were COGO'd by a previous cartographer, but were repositioned to be tied down to BLM 5 ROS. The "ALCATRAZ LIGHTHOUSE" was roated around point (X = 6006552.64, Y = 2129010.40) to account for the ground to grid translation. Segment 24: Most of the areas on segment 24 were COGO'd by a previous cartographer with the Land Resources Divsion. All notes for transformations are as follows: Survey goga_bnd_t2_3n-r8w was transformed around U.S.C. &amp; G.S. "PACHECO" ( X = 5917751.75, Y = 2229089.44) and AP No. 23 (X = 5928671.75, Y = 2206271.21) to account for the ground to grid translation. Survey GOGA_641-41943 (AP no. 1 - AP No. 23) was transformed around U.S.C. &amp; G.S. "FRANCIS" (X = 5999043.16, Y = 2122211.80) and Survey GOGA_641-41945 (AP no. 23- AP No. 194) was transformed around AP No. 30 (X = 5999266.64, Y = 2116745.92) and AP No. 192 (X = 5983656.46, Y = 2087799.29) to account for the ground to grid translation. Surveys GOGA_641-41941, GOGA_641-41937 and the east side of GOGA_641-41938 were transformed around Baker 2 (X = 5986922.81, Y = 2133471.54) and East Peak (X = 5962473.02, Y = 2167452.69) to account for the ground to grid translation. Survey goga_admin_bnd_t1s-r6w was transformed around U.S.C. &amp; G.S. "MOUNT DIABLO 3" (X = 5983946.42, Y = 2127434.76) and "RANGE RESET" (X = 5992071.61, Y = 2132529.94) to account for the ground to grid translation. Survey GOGA_641-41939 rotated -1d20m43.825s and scaled by 0.999934273 around "Wilkens" ( X = 5927902.29, Y = 2170093.13) to account for the ground to grid translation. Survey 641-41938, only that portion which surrounds Rodeo Beach, was transformed around "ROOT" (X = 5940699.57, Y = 2158773.92) and LEON (X = 5944793.42, Y = 2158966.36) to account for the ground to grid translation. Survey t2s-r6w was transformed around "AP 154" (X = 5980684.59, Y = 2111355.50) and "AP 159" (X = 5980214.80, Y = 2111628.06) to account for the ground to grid translation. Survey t2s-r6w-block-1591 was transformed around "AP 153" (X = 5980994.95, Y = 2111348.41) and "AP 159" (X = 5980214.80, Y = 2111628.06) to account for the ground to grid translation. Tract 02-104 &amp; 02-105 were transformed between station "STUART" (X = 5999979.90, Y = 2141796.45) and "LEDYARD" ( X = 6001283.12, Y = 2140123.71) to account for ground to grid translation. USGS DLG line work for mean high water line of Angel &amp; Alcatraz Islands were used to define boundary. Tract 02-148 &amp; 02-149 were transformed between station "BLUNT" (X = 6007642.05, Y = 2138838.73) and "LEDYARD" ( X = 6001283.12, Y = 2140123.71) to account for ground to grid translation. The remainder of the tracts were COGO'd from either deeds, legal descriptions or records of surveys and were tied down to existing linework. Much of segment 24 and 23 have overlapping tracts between segments. There are tracts along and including Sweeney Ridge that were tied to "FLAT" monument which was GPS'd by GOGA staff in the field. From the southeast corner of tract 20-111 to the northwest corner of tract 20-108 were cogo'd from BLM ROS, and tied down to Sweeney Ridge survey, and survey monuments. The interior tracts of 23-114, 23-113, 23-112, 23-111, 23-110, 23-109, and 23-108 were created using San Mateo County Parcel data due to lack of deeds, or legal descriptions in the area. Segment 22 was considerably difficult due to lack of monumentation, as well as surveys, deeds, and legal descriptions. This is likely the dataset's weakest area due to lack of data. San Mateo parcel data was used for tract 21-101 to depict the watershed district tract. Tracts 22-101, 22-102, and 22-103 were cogo'd from the BLM records of survey (ROS) 15-LLS-PG028, 13-LLS-PG109, and. 13-LLS-PG108. There is considerable overlap for segment 21 and segment 24. Many of the tracts were COGO'd by a previouscartographer, and his notes are located above. Tracts in the area were tied to existing tracts, except for tract 21-101, which as mentioned before, was created using San Mateo Parcel data due to lack over data for the area. As data becomes available for weak areas, they will be included in subsequent updates. For Segment 20, as mentioned before, Sweeney Ridge was COGO'd from BLM surveys, and tied down to the "FLAT" monument. From the sothern point of tract 20-111 to the northwest point of tract 20-108, a BLM ROS was used to create the boundary which was then tied into the Sweeney Ridge Survey. GPS points from the park were also used to tie the data to the ground at the northwest corner of tract 20-108 as well as the southernmost portion of Sweeney Ridge, as well as the "FLAT" monument. Again, the remainder of tract 21-101 was created by using San Mateo County parcel data due to lack of surveys and legal descriptions in the area. Milagre Ridge was COGO'd through the use of BLM ROS, and was tied to the ground using GPS points provided by the park. GPS points were provided for all the main corners of tracts 20-107, 20-126, and 20-131, as well as the doughnuts within tract 20-107. The tracts were all transformed around point X = 59990877.840, Y = 205954.993. Much of the linework for Segments 02, 03, 07, 08, 04, and 05 were COGO'd through the us of the following BLM surveys : BLM 04, BLM 09, BLM 10, BLM 13, and BLM 14. Tracts on Segments 02, 03, 07, and 08 that were not included in those surveys, deeds, or legal descriptions were COGO'd from the Marin County legal descriptions/surveys that can be downloaded here by searching for a parcel number or map book and map page: http://www.marincounty.org/depts/ar/divisions/assessor/search-assessor-records. Tracts 02-196, 02-101-, 02-192 were on-screen digitized due to the lack of deeds, surveys, legal descriptions and parcel data. Segments 04, 05, and 09-19 are managed by PORE. The tracts within these segments were COGO'd through the us of surveys found from the Marin County assessors website here: http://www.marincounty.org/depts/ar/divisions/assessor/search-assessor-records. These tracts were tied down to known points, and linework such as MUWO boundary, as well as tracts from segments 02, and 03. As new data for Segments 04, 05, and 09-19 becomes available, they will be included in the GOGA dataset and re-released. Any tract without a deed, legal description, or survey within Segments 09-19 were created through the use of Marin County parcel data. Once the tracts and boundary for GOGA were drawin, they were copied to either the tract layer or boundary layer. The linework then underwent the topology building process, and was then exported to an ESRI shapefile. The Horizonatal Accuracy of the San Francisco Parcel data is as follows: Global Positioning System (GPS) Control Survey: a GPS survey of 65 survey control points was conducted, generating coordinate and elevation data for the survey point network used for Basemap development. The network meets the National Geodetic Survey standard for Second Order, Class 2. Orthophoto accuracy: Ninety percent of points on an orthophoto are plus or minus 2.5 feet of survey point coordinates for the same point. Planimetric features (citylots, sfblocks, cityfeatures, street centerline files) are overlaid on the orthophoto images with an accuracy of plus or minus 2 foot. The horizontal accuracy of the Marin County Parcel data is as follows: Parcel boundaries were digitized from hard copy Assessor map pages into AutoCAD. Georeferencing was based on 400 scale mylar aerial photographs from 1976. Many Assessor map pages did not fit well together. In order to create a seamless layer, problem areas were stretched or compressed. Topology was created in AutoCAD and closed polygons were exported as an ESRI shapefile. This shapefile was imported into SDE to create the Parcel feature class. No Horizontal position accuracy was given for the San Mateo County parcels. The horizontal accuracy of the NOAA shoreline data is as follows: The shoreline and associated data are a representation based on an office interpretation of imagery and/or fieldwork at the time of survey. The attribute accuracy was tested by creating checkplots of the coded linework. The codes depict shoreline and several alongshore features. A light table review of the checkplots revealed any inaccurate coding. Mistakes were identified and corrected. These attributes were translated into NGS's Coastal Cartographic Object Attribute Source Table (C-COAST) for data consistency. The C-COAST attributes were given symbology and visually inspected to verify attribute accuracy. The horizontal accuracy of the DOQQ imagery should be considered no better than the following: USDA-FSA Aerial Photography Field Office relies on the integrity of the original data collection which was performed by private contractors. Data integrity was validated by the responsible private contractor or sub-contractor. Polygon and chain-node topology present. There are no duplicate arcs and no dangling nodes. The data set contains polygons that do not overlap, there are no polygons that are entered twice, and all areas are completely described. The area features are topologically structured with nodes at all intersections. Attribution of the digital data set includes polygon areas that define the portion of visible imagery used representing the same source acquisition date, with no gaps in coverage. This data set contains imagery from the National Agriculture Imagery Program (NAIP). The NAIP acquires digital ortho imagery during the agricultural growing seasons in the continental U.S.. A primary goal of the NAIP program is to enable availability of ortho imagery within one year of acquisition. The NAIP provides two main products: 1 meter ground sample distance (GSD) ortho imagery rectified to a horizontal accuracy within +/- 5 meters of reference digital ortho quarter quads (DOQQ's) from the National Digital Ortho Program (NDOP) or from the National Agriculture Imagery Program (NAIP); 1 meter GSD ortho imagery rectified within +/- 6 meters to true ground. The tiling format of NAIP imagery is based on a 3.75' x 3.75' quarter quadrangle with a 300 meter buffer on all four sides. The NAIP imagery is formatted to the UTM coordinate system using the North American Datum of 1983 (NAD83). The NAIP imagery may contain as much as 10% cloud cover per tile. This file was generated by compressing NAIP imagery that cover the county extent. Two types of compression may be used for NAIP imagery: MrSID and JPEG 2000. Target value for the compression ratio is (15:1). Smaller scale maps have a larger level of inaccuracy. It is assumed that the boundary and tract information meets National Map Accuracy Standards and should be considered no better than the listed sources. As previously mentioned, GOGA is in a status of continual update, and as newer/better data becomes available, it will be included in the GOGA tract and boundary dataset. </complete><posacc><horizpa><horizpar>The accuracy of the data varies depending upon source data used in various areas of the park. The order in which the segments are referenced this metadata are in the order that they were completed. They were completed in a particular order due to a request from the Golden Gate GIS specialist. For segment 01, the majority of the boundary was COGOd using BLM ROS 5 and tied down to the ground with GPS points provided by the GIS specialist from GOGA. The shoreline was created by using NOAA shoreline data, and consequently the 50 year lease tracts were created by performing a buffer off of the NOAA shoreline. The remainer of the tracts were COGO'd through the use of legal descirptions, and/or deeds. FOPO and SAFR were COGO'd by a previous cartographer, but were repositioned to be tied down to BLM 5 ROS. The "ALCATRAZ LIGHTHOUSE" was roated around point (X = 6006552.64, Y = 2129010.40) to account for the ground to grid translation. Segment 24: Most of the areas on segment 24 were COGO'd by a previous cartographer with the Land Resources Divsion. All notes for transformations are as follows: Survey goga_bnd_t2_3n-r8w was transformed around U.S.C. &amp; G.S. "PACHECO" ( X = 5917751.75, Y = 2229089.44) and AP No. 23 (X = 5928671.75, Y = 2206271.21) to account for the ground to grid translation. Survey GOGA_641-41943 (AP no. 1 - AP No. 23) was transformed around U.S.C. &amp; G.S. "FRANCIS" (X = 5999043.16, Y = 2122211.80) and Survey GOGA_641-41945 (AP no. 23- AP No. 194) was transformed around AP No. 30 (X = 5999266.64, Y = 2116745.92) and AP No. 192 (X = 5983656.46, Y = 2087799.29) to account for the ground to grid translation. Surveys GOGA_641-41941, GOGA_641-41937 and the east side of GOGA_641-41938 were transformed around Baker 2 (X = 5986922.81, Y = 2133471.54) and East Peak (X = 5962473.02, Y = 2167452.69) to account for the ground to grid translation. Survey goga_admin_bnd_t1s-r6w was transformed around U.S.C. &amp; G.S. "MOUNT DIABLO 3" (X = 5983946.42, Y = 2127434.76) and "RANGE RESET" (X = 5992071.61, Y = 2132529.94) to account for the ground to grid translation. Survey GOGA_641-41939 rotated -1d20m43.825s and scaled by 0.999934273 around "Wilkens" ( X = 5927902.29, Y = 2170093.13) to account for the ground to grid translation. Survey 641-41938, only that portion which surrounds Rodeo Beach, was transformed around "ROOT" (X = 5940699.57, Y = 2158773.92) and LEON (X = 5944793.42, Y = 2158966.36) to account for the ground to grid translation. Survey t2s-r6w was transformed around "AP 154" (X = 5980684.59, Y = 2111355.50) and "AP 159" (X = 5980214.80, Y = 2111628.06) to account for the ground to grid translation. Survey t2s-r6w-block-1591 was transformed around "AP 153" (X = 5980994.95, Y = 2111348.41) and "AP 159" (X = 5980214.80, Y = 2111628.06) to account for the ground to grid translation. Tract 02-104 &amp; 02-105 were transformed between station "STUART" (X = 5999979.90, Y = 2141796.45) and "LEDYARD" ( X = 6001283.12, Y = 2140123.71) to account for ground to grid translation. USGS DLG line work for mean high water line of Angel &amp; Alcatraz Islands were used to define boundary. Tract 02-148 &amp; 02-149 were transformed between station "BLUNT" (X = 6007642.05, Y = 2138838.73) and "LEDYARD" ( X = 6001283.12, Y = 2140123.71) to account for ground to grid translation. The remainder of the tracts were COGO'd from either deeds, legal descriptions or records of surveys and were tied down to existing linework. Much of segment 24 and 23 have overlapping tracts between segments. There are tracts along and including Sweeney Ridge that were tied to "FLAT" monument which was GPS'd by GOGA staff in the field. From the southeast corner of tract 20-111 to the northwest corner of tract 20-108 were cogo'd from BLM ROS, and tied down to Sweeney Ridge survey, and survey monuments. The interior tracts of 23-114, 23-113, 23-112, 23-111, 23-110, 23-109, and 23-108 were created using San Mateo County Parcel data due to lack of deeds, or legal descriptions in the area. Segment 22 was considerably difficult due to lack of monumentation, as well as surveys, deeds, and legal descriptions. This is likely the dataset's weakest area due to lack of data. San Mateo parcel data was used for tract 21-101 to depict the watershed district tract. Tracts 22-101, 22-102, and 22-103 were cogo'd from the BLM records of survey (ROS) 15-LLS-PG028, 13-LLS-PG109, and. 13-LLS-PG108. There is considerable overlap for segment 21 and segment 24. Many of the tracts were COGO'd by a previouscartographer, and his notes are located above. Tracts in the area were tied to existing tracts, except for tract 21-101, which as mentioned before, was created using San Mateo Parcel data due to lack over data for the area. As data becomes available for weak areas, they will be included in subsequent updates. For Segment 20, as mentioned before, Sweeney Ridge was COGO'd from BLM surveys, and tied down to the "FLAT" monument. From the sothern point of tract 20-111 to the northwest point of tract 20-108, a BLM ROS was used to create the boundary which was then tied into the Sweeney Ridge Survey. GPS points from the park were also used to tie the data to the ground at the northwest corner of tract 20-108 as well as the southernmost portion of Sweeney Ridge, as well as the "FLAT" monument. Again, the remainder of tract 21-101 was created by using San Mateo County parcel data due to lack of surveys and legal descriptions in the area. Milagre Ridge was COGO'd through the use of BLM ROS, and was tied to the ground using GPS points provided by the park. GPS points were provided for all the main corners of tracts 20-107, 20-126, and 20-131, as well as the doughnuts within tract 20-107. The tracts were all transformed around point X = 59990877.840, Y = 205954.993. Much of the linework for Segments 02, 03, 07, 08, 04, and 05 were COGO'd through the us of the following BLM surveys : BLM 04, BLM 09, BLM 10, BLM 13, and BLM 14. Tracts on Segments 02, 03, 07, and 08 that were not included in those surveys, deeds, or legal descriptions were COGO'd from the Marin County legal descriptions/surveys that can be downloaded here by searching for a parcel number or map book and map page: http://www.marincounty.org/depts/ar/divisions/assessor/search-assessor-records. Tracts 02-196, 02-101-, 02-192 were on-screen digitized due to the lack of deeds, surveys, legal descriptions and parcel data. Segments 04, 05, and 09-19 are managed by PORE. The tracts within these segments were COGO'd through the us of surveys found from the Marin County assessors website here: http://www.marincounty.org/depts/ar/divisions/assessor/search-assessor-records. These tracts were tied down to known points, and linework such as MUWO boundary, as well as tracts from segments 02, and 03. As new data for Segments 04, 05, and 09-19 becomes available, they will be included in the GOGA dataset and re-released. Any tract without a deed, legal description, or survey within Segments 09-19 were created through the use of Marin County parcel data. Once the tracts and boundary for GOGA were drawin, they were copied to either the tract layer or boundary layer. The linework then underwent the topology building process, and was then exported to an ESRI shapefile. The Horizonatal Accuracy of the San Francisco Parcel data is as follows: Global Positioning System (GPS) Control Survey: a GPS survey of 65 survey control points was conducted, generating coordinate and elevation data for the survey point network used for Basemap development. The network meets the National Geodetic Survey standard for Second Order, Class 2. Orthophoto accuracy: Ninety percent of points on an orthophoto are plus or minus 2.5 feet of survey point coordinates for the same point. Planimetric features (citylots, sfblocks, cityfeatures, street centerline files) are overlaid on the orthophoto images with an accuracy of plus or minus 2 foot. The horizontal accuracy of the Marin County Parcel data is as follows: Parcel boundaries were digitized from hard copy Assessor map pages into AutoCAD. Georeferencing was based on 400 scale mylar aerial photographs from 1976. Many Assessor map pages did not fit well together. In order to create a seamless layer, problem areas were stretched or compressed. Topology was created in AutoCAD and closed polygons were exported as an ESRI shapefile. This shapefile was imported into SDE to create the Parcel feature class. No Horizontal position accuracy was given for the San Mateo County parcels. The horizontal accuracy of the NOAA shoreline data is as follows: The shoreline and associated data are a representation based on an office interpretation of imagery and/or fieldwork at the time of survey. The attribute accuracy was tested by creating checkplots of the coded linework. The codes depict shoreline and several alongshore features. A light table review of the checkplots revealed any inaccurate coding. Mistakes were identified and corrected. These attributes were translated into NGS's Coastal Cartographic Object Attribute Source Table (C-COAST) for data consistency. The C-COAST attributes were given symbology and visually inspected to verify attribute accuracy. The horizontal accuracy of the DOQQ imagery should be considered no better than the following: USDA-FSA Aerial Photography Field Office relies on the integrity of the original data collection which was performed by private contractors. Data integrity was validated by the responsible private contractor or sub-contractor. Polygon and chain-node topology present. There are no duplicate arcs and no dangling nodes. The data set contains polygons that do not overlap, there are no polygons that are entered twice, and all areas are completely described. The area features are topologically structured with nodes at all intersections. Attribution of the digital data set includes polygon areas that define the portion of visible imagery used representing the same source acquisition date, with no gaps in coverage. This data set contains imagery from the National Agriculture Imagery Program (NAIP). The NAIP acquires digital ortho imagery during the agricultural growing seasons in the continental U.S.. A primary goal of the NAIP program is to enable availability of ortho imagery within one year of acquisition. The NAIP provides two main products: 1 meter ground sample distance (GSD) ortho imagery rectified to a horizontal accuracy within +/- 5 meters of reference digital ortho quarter quads (DOQQ's) from the National Digital Ortho Program (NDOP) or from the National Agriculture Imagery Program (NAIP); 1 meter GSD ortho imagery rectified within +/- 6 meters to true ground. The tiling format of NAIP imagery is based on a 3.75' x 3.75' quarter quadrangle with a 300 meter buffer on all four sides. The NAIP imagery is formatted to the UTM coordinate system using the North American Datum of 1983 (NAD83). The NAIP imagery may contain as much as 10% cloud cover per tile. This file was generated by compressing NAIP imagery that cover the county extent. Two types of compression may be used for NAIP imagery: MrSID and JPEG 2000. Target value for the compression ratio is (15:1). Smaller scale maps have a larger level of inaccuracy. It is assumed that the boundary and tract information meets National Map Accuracy Standards and should be considered no better than the listed sources. As previously mentioned, GOGA is in a status of continual update, and as newer/better data becomes available, it will be included in the GOGA tract and boundary dataset.</horizpar></horizpa><vertacc><vertaccr>None</vertaccr></vertacc></posacc><lineage><srcinfo><srccite><citeinfo><origin>National Park Service - Land Resources Division </origin><pubdate>20150409 </pubdate><title>Legal Descriptions </title><edition>N/A </edition><geoform>document - legal description </geoform><pubinfo><pubplace>Fort Collins </pubplace><publish>Land Resources Division </publish></pubinfo><othercit>MANDATORY IF APPLICABLE </othercit></citeinfo></srccite><srcscale>1 </srcscale><typesrc>Paper </typesrc><srctime><timeinfo><rngdates><begdate>19990928 </begdate><enddate>20030603 </enddate></rngdates></timeinfo><srccurr>Beginning Date represents first conveyed date. Ending date is when the data was last updated. </srccurr></srctime><srccitea>Legal Descriptions </srccitea><srccontr>tract and boundary geometry, Tract_id, Alpha </srccontr></srcinfo><srcinfo><srccite><citeinfo><origin>National Park Service - Land Resources Division </origin><pubdate>20150409 </pubdate><title>Deeds </title><edition>N/A </edition><geoform>document - deed </geoform><pubinfo><pubplace>Fort Collins </pubplace><publish>Land Resources Division </publish></pubinfo><othercit>MANDATORY IF APPLICABLE </othercit></citeinfo></srccite><srcscale>1 </srcscale><typesrc>Paper </typesrc><srctime><timeinfo><rngdates><begdate>19690115 </begdate><enddate>20010615 </enddate></rngdates></timeinfo><srccurr>Beginning Date represents first conveyed date. Ending date is when the data was last updated. </srccurr></srctime><srccitea>deeds </srccitea><srccontr>tract and boundary geometry, Tract_id, Alpha </srccontr></srcinfo><srcinfo><srccite><citeinfo><origin>National Park Service - Land Resources Division </origin><pubdate>20150409 </pubdate><title>Segment Maps </title><edition>N/A </edition><geoform>map - segment map </geoform><pubinfo><pubplace>Fort Collins </pubplace><publish>Land Resources Division </publish></pubinfo><othercit>MANDATORY IF APPLICABLE </othercit></citeinfo></srccite><srcscale>1:3000 - 1:24000 </srcscale><typesrc>Mylar </typesrc><srctime><timeinfo><rngdates><begdate>19921009 </begdate><enddate>20111004 </enddate></rngdates></timeinfo><srccurr>Beginning Date represents first conveyed date. Ending date is when the data was last updated. </srccurr></srctime><srccitea>segment maps </srccitea><srccontr>tract and boundary geometry, Tract_id, Alpha </srccontr></srcinfo><procstep><procdesc>The accuracy of the data varies depending upon source data used in various areas of the park. The order in which the segments are referenced this metadata are in the order that they were completed. They were completed in a particular order due to a request from the Golden Gate GIS specialist. For segment 01, the majority of the boundary was COGOd using BLM ROS 5 and tied down to the ground with GPS points provided by the GIS specialist from GOGA. The shoreline was created by using NOAA shoreline data, and consequently the 50 year lease tracts were created by performing a buffer off of the NOAA shoreline. The remainer of the tracts were COGO'd through the use of legal descirptions, and/or deeds. FOPO and SAFR were COGO'd by a previous cartographer, but were repositioned to be tied down to BLM 5 ROS. The "ALCATRAZ LIGHTHOUSE" was roated around point (X = 6006552.64, Y = 2129010.40) to account for the ground to grid translation. Segment 24: Most of the areas on segment 24 were COGO'd by a previous cartographer with the Land Resources Divsion. All notes for transformations are as follows: Survey goga_bnd_t2_3n-r8w was transformed around U.S.C. &amp; G.S. "PACHECO" ( X = 5917751.75, Y = 2229089.44) and AP No. 23 (X = 5928671.75, Y = 2206271.21) to account for the ground to grid translation. Survey GOGA_641-41943 (AP no. 1 - AP No. 23) was transformed around U.S.C. &amp; G.S. "FRANCIS" (X = 5999043.16, Y = 2122211.80) and Survey GOGA_641-41945 (AP no. 23- AP No. 194) was transformed around AP No. 30 (X = 5999266.64, Y = 2116745.92) and AP No. 192 (X = 5983656.46, Y = 2087799.29) to account for the ground to grid translation. Surveys GOGA_641-41941, GOGA_641-41937 and the east side of GOGA_641-41938 were transformed around Baker 2 (X = 5986922.81, Y = 2133471.54) and East Peak (X = 5962473.02, Y = 2167452.69) to account for the ground to grid translation. Survey goga_admin_bnd_t1s-r6w was transformed around U.S.C. &amp; G.S. "MOUNT DIABLO 3" (X = 5983946.42, Y = 2127434.76) and "RANGE RESET" (X = 5992071.61, Y = 2132529.94) to account for the ground to grid translation. Survey GOGA_641-41939 rotated -1d20m43.825s and scaled by 0.999934273 around "Wilkens" ( X = 5927902.29, Y = 2170093.13) to account for the ground to grid translation. Survey 641-41938, only that portion which surrounds Rodeo Beach, was transformed around "ROOT" (X = 5940699.57, Y = 2158773.92) and LEON (X = 5944793.42, Y = 2158966.36) to account for the ground to grid translation. Survey t2s-r6w was transformed around "AP 154" (X = 5980684.59, Y = 2111355.50) and "AP 159" (X = 5980214.80, Y = 2111628.06) to account for the ground to grid translation. Survey t2s-r6w-block-1591 was transformed around "AP 153" (X = 5980994.95, Y = 2111348.41) and "AP 159" (X = 5980214.80, Y = 2111628.06) to account for the ground to grid translation. Tract 02-104 &amp; 02-105 were transformed between station "STUART" (X = 5999979.90, Y = 2141796.45) and "LEDYARD" ( X = 6001283.12, Y = 2140123.71) to account for ground to grid translation. USGS DLG line work for mean high water line of Angel &amp; Alcatraz Islands were used to define boundary. Tract 02-148 &amp; 02-149 were transformed between station "BLUNT" (X = 6007642.05, Y = 2138838.73) and "LEDYARD" ( X = 6001283.12, Y = 2140123.71) to account for ground to grid translation. The remainder of the tracts were COGO'd from either deeds, legal descriptions or records of surveys and were tied down to existing linework. Much of segment 24 and 23 have overlapping tracts between segments. There are tracts along and including Sweeney Ridge that were tied to "FLAT" monument which was GPS'd by GOGA staff in the field. From the southeast corner of tract 20-111 to the northwest corner of tract 20-108 were cogo'd from BLM ROS, and tied down to Sweeney Ridge survey, and survey monuments. The interior tracts of 23-114, 23-113, 23-112, 23-111, 23-110, 23-109, and 23-108 were created using San Mateo County Parcel data due to lack of deeds, or legal descriptions in the area. Segment 22 was considerably difficult due to lack of monumentation, as well as surveys, deeds, and legal descriptions. This is likely the dataset's weakest area due to lack of data. San Mateo parcel data was used for tract 21-101 to depict the watershed district tract. Tracts 22-101, 22-102, and 22-103 were cogo'd from the BLM records of survey (ROS) 15-LLS-PG028, 13-LLS-PG109, and. 13-LLS-PG108. There is considerable overlap for segment 21 and segment 24. Many of the tracts were COGO'd by a previouscartographer, and his notes are located above. Tracts in the area were tied to existing tracts, except for tract 21-101, which as mentioned before, was created using San Mateo Parcel data due to lack over data for the area. As data becomes available for weak areas, they will be included in subsequent updates. For Segment 20, as mentioned before, Sweeney Ridge was COGO'd from BLM surveys, and tied down to the "FLAT" monument. From the sothern point of tract 20-111 to the northwest point of tract 20-108, a BLM ROS was used to create the boundary which was then tied into the Sweeney Ridge Survey. GPS points from the park were also used to tie the data to the ground at the northwest corner of tract 20-108 as well as the southernmost portion of Sweeney Ridge, as well as the "FLAT" monument. Again, the remainder of tract 21-101 was created by using San Mateo County parcel data due to lack of surveys and legal descriptions in the area. Milagre Ridge was COGO'd through the use of BLM ROS, and was tied to the ground using GPS points provided by the park. GPS points were provided for all the main corners of tracts 20-107, 20-126, and 20-131, as well as the doughnuts within tract 20-107. The tracts were all transformed around point X = 59990877.840, Y = 205954.993. Much of the linework for Segments 02, 03, 07, 08, 04, and 05 were COGO'd through the us of the following BLM surveys : BLM 04, BLM 09, BLM 10, BLM 13, and BLM 14. Tracts on Segments 02, 03, 07, and 08 that were not included in those surveys, deeds, or legal descriptions were COGO'd from the Marin County legal descriptions/surveys that can be downloaded here by searching for a parcel number or map book and map page: http://www.marincounty.org/depts/ar/divisions/assessor/search-assessor-records. Tracts 02-196, 02-101-, 02-192 were on-screen digitized due to the lack of deeds, surveys, legal descriptions and parcel data. Segments 04, 05, and 09-19 are managed by PORE. The tracts within these segments were COGO'd through the us of surveys found from the Marin County assessors website here: http://www.marincounty.org/depts/ar/divisions/assessor/search-assessor-records. These tracts were tied down to known points, and linework such as MUWO boundary, as well as tracts from segments 02, and 03. As new data for Segments 04, 05, and 09-19 becomes available, they will be included in the GOGA dataset and re-released. Any tract without a deed, legal description, or survey within Segments 09-19 were created through the use of Marin County parcel data. Once the tracts and boundary for GOGA were drawin, they were copied to either the tract layer or boundary layer. The linework then underwent the topology building process, and was then exported to an ESRI shapefile. The Horizonatal Accuracy of the San Francisco Parcel data is as follows: Global Positioning System (GPS) Control Survey: a GPS survey of 65 survey control points was conducted, generating coordinate and elevation data for the survey point network used for Basemap development. The network meets the National Geodetic Survey standard for Second Order, Class 2. Orthophoto accuracy: Ninety percent of points on an orthophoto are plus or minus 2.5 feet of survey point coordinates for the same point. Planimetric features (citylots, sfblocks, cityfeatures, street centerline files) are overlaid on the orthophoto images with an accuracy of plus or minus 2 foot. The horizontal accuracy of the Marin County Parcel data is as follows: Parcel boundaries were digitized from hard copy Assessor map pages into AutoCAD. Georeferencing was based on 400 scale mylar aerial photographs from 1976. Many Assessor map pages did not fit well together. In order to create a seamless layer, problem areas were stretched or compressed. Topology was created in AutoCAD and closed polygons were exported as an ESRI shapefile. This shapefile was imported into SDE to create the Parcel feature class. No Horizontal position accuracy was given for the San Mateo County parcels. The horizontal accuracy of the NOAA shoreline data is as follows: The shoreline and associated data are a representation based on an office interpretation of imagery and/or fieldwork at the time of survey. The attribute accuracy was tested by creating checkplots of the coded linework. The codes depict shoreline and several alongshore features. A light table review of the checkplots revealed any inaccurate coding. Mistakes were identified and corrected. These attributes were translated into NGS's Coastal Cartographic Object Attribute Source Table (C-COAST) for data consistency. The C-COAST attributes were given symbology and visually inspected to verify attribute accuracy. The horizontal accuracy of the DOQQ imagery should be considered no better than the following: USDA-FSA Aerial Photography Field Office relies on the integrity of the original data collection which was performed by private contractors. Data integrity was validated by the responsible private contractor or sub-contractor. Polygon and chain-node topology present. There are no duplicate arcs and no dangling nodes. The data set contains polygons that do not overlap, there are no polygons that are entered twice, and all areas are completely described. The area features are topologically structured with nodes at all intersections. Attribution of the digital data set includes polygon areas that define the portion of visible imagery used representing the same source acquisition date, with no gaps in coverage. This data set contains imagery from the National Agriculture Imagery Program (NAIP). The NAIP acquires digital ortho imagery during the agricultural growing seasons in the continental U.S.. A primary goal of the NAIP program is to enable availability of ortho imagery within one year of acquisition. The NAIP provides two main products: 1 meter ground sample distance (GSD) ortho imagery rectified to a horizontal accuracy within +/- 5 meters of reference digital ortho quarter quads (DOQQ's) from the National Digital Ortho Program (NDOP) or from the National Agriculture Imagery Program (NAIP); 1 meter GSD ortho imagery rectified within +/- 6 meters to true ground. The tiling format of NAIP imagery is based on a 3.75' x 3.75' quarter quadrangle with a 300 meter buffer on all four sides. The NAIP imagery is formatted to the UTM coordinate system using the North American Datum of 1983 (NAD83). The NAIP imagery may contain as much as 10% cloud cover per tile. This file was generated by compressing NAIP imagery that cover the county extent. Two types of compression may be used for NAIP imagery: MrSID and JPEG 2000. Target value for the compression ratio is (15:1). Smaller scale maps have a larger level of inaccuracy. It is assumed that the boundary and tract information meets National Map Accuracy Standards and should be considered no better than the listed sources. As previously mentioned, GOGA is in a status of continual update, and as newer/better data becomes available, it will be included in the GOGA tract and boundary dataset. The native coordinate system for the DWG is California State Plane, Zone III, NAD83, US Foot. The Autodesk line work is imported, edited, attributed, approved, and a link and node topology is developed both for the tract and boundary data layers according to the procedures described in the Land Acquisition Procedures Manual Chapter 5. The entire unit is created in a geographically contiguous model space and separate layouts representing each individual segment map are created. The tract and boundary data is then reprojected to North American Datum 1983 generic latitude &amp; longitude and exported from Autodesk to an ArcView shape file format in a single step. </procdesc><srcused>Deeds found here: http://landsnet.nps.gov/tractsnet/documents/goga/Deeds/ </srcused><srcused>Change orders found here: http://landsnet.nps.gov/tractsnet/documents/goga/Change_Orders/ </srcused><srcused>Legal descriptions found here: http://landsnet.nps.gov/tractsnet/documents/goga/Legal_Descriptions/ </srcused><srcused>Legislation found here: http://landsnet.nps.gov/tractsnet/documents/goga/Legislation/ </srcused><srcused>Miscellaneous Documents found here: http://landsnet.nps.gov/tractsnet/documents/goga/Miscellaneous/ </srcused><srcused>Segment Maps found here: http://landsnet.nps.gov/tractsnet/documents/goga/Segment_Maps/ </srcused><srcused>2014 USDA NAIP Imagery </srcused><srcused>Marin County Parcel Data </srcused><srcused>San Francisco County Parcel Data </srcused><srcused>San Mateo County Parcel Data </srcused><srcused>GPS points taken by GOGA GIS Specialist </srcused><srcused>NOAA Vector Shoreline </srcused><srcused>NGS Monumentation Database </srcused><srcused>USGS Hypsography Data </srcused><srcused>USGS NHD Watershed Data </srcused><srcused>BLM Records of Surveys </srcused><srcused>GPS Points taken by GOGA GIS Specialist </srcused><procdate>20120228 - 20150409 </procdate><proccont><cntinfo><cntperp><cntper>Sean Carlton </cntper><cntorg>NPS Land Resources Division, WASO-FC </cntorg></cntperp><cntpos>Cartographer </cntpos><cntaddr><addrtype>mailing and physical address</addrtype><address>301 S. Howes Street Suite 208 </address><city>Fort Collins </city><state>CO </state><postal>80522 </postal><country>USA</country></cntaddr><cntvoice>970-416-8529 </cntvoice><cntfax>970-484-6432 </cntfax><cntemail>Sean_Carlton@nps.gov </cntemail><hours>7:00am-3:30pm M-F Mountain </hours></cntinfo></proccont></procstep></lineage></dataqual><spref><horizsys>
		- 

		- 

		- 
<geograph><latres>0.000002</latres><longres>0.000002</longres><geogunit>Decimal degrees</geogunit></geograph><geodetic><horizdn>North American Datum of 1983</horizdn><ellips>Geodetic Reference System 80</ellips><semiaxis>6378137.000000</semiaxis><denflat>298.257222</denflat></geodetic></horizsys></spref><eainfo><detailed><enttyp><enttypl Sync="FALSE">goga_tracts.dbf </enttypl><enttypd>Shapefile Attribute Table </enttypd><enttypds>None </enttypds><enttypt Sync="FALSE">Feature Class</enttypt><enttypc Sync="FALSE">226</enttypc></enttyp><attr><attrlabl Sync="FALSE">Alpha </attrlabl><attrdef Sync="FALSE">Provides the unit identification code. </attrdef><attrdefs Sync="FALSE">"Land Acquisition Procedures (LAPS)", revised 2009. </attrdefs><attrdomv><udom Sync="FALSE">Attributes were created according to the National Park Service, Washington Land Resources Division, Land Acquisition Procedures (LAPS) revised 2005. </udom></attrdomv><attalias Sync="FALSE">Alpha </attalias><attrtype Sync="FALSE">String </attrtype><attwidth Sync="FALSE">4 </attwidth><atprecis Sync="FALSE">0</atprecis><attscale Sync="FALSE">0</attscale></attr><attr><attrlabl Sync="FALSE">Tract_id </attrlabl><attalias Sync="FALSE">Tract_Id </attalias><attrtype Sync="FALSE">String </attrtype><attwidth Sync="FALSE">256 </attwidth><atprecis Sync="FALSE">0</atprecis><attscale Sync="FALSE">0</attscale><attrdef Sync="FALSE">Provides the tract identification number. </attrdef><attrdefs Sync="FALSE">"Land Acquisition Procedures (LAPS)", revised 2009. </attrdefs><attrdomv><udom Sync="FALSE">Attributes were created according to the National Park Service, Washington Land Resources Division, Land Acquisition Procedures (LAPS) revised 2009. </udom></attrdomv></attr><attr><attrlabl Sync="FALSE">Status </attrlabl><attrdef Sync="FALSE">Defines if an interest is a parcel is NPS owned, held by another Federal agency or a non-Federal party. </attrdef><attrdefs Sync="FALSE">"Land Acquisition Procedures (LAPS)", revised 2009. </attrdefs><attrdomv><udom Sync="FALSE">Attributes were created according to the National Park Service, Washington Land Resources Division, Land Acquisition Procedures (LAPS) revised 2009. </udom></attrdomv><attalias Sync="FALSE">Status </attalias><attrtype Sync="FALSE">String </attrtype><attwidth Sync="FALSE">16 </attwidth><atprecis Sync="FALSE">0</atprecis><attscale Sync="FALSE">0</attscale></attr><attr><attrlabl Sync="FALSE">Estate </attrlabl><attrdef Sync="FALSE">Expresses the degree, nature, quality, or extent of an interest NPS has acquired. </attrdef><attrdefs Sync="FALSE">"Land Acquisition Procedures (LAPS)", revised 2009. </attrdefs><attrdomv><udom Sync="FALSE">Attributes were created according to the National Park Service, Washington Land Resources Division, Land Acquisition Procedures (LAPS) revised 2009. </udom></attrdomv><attalias Sync="FALSE">Estate </attalias><attrtype Sync="FALSE">String </attrtype><attwidth Sync="FALSE">16 </attwidth><atprecis Sync="FALSE">0</atprecis><attscale Sync="FALSE">0</attscale></attr><attr><attrlabl Sync="FALSE">Areatract </attrlabl><attrdef Sync="FALSE">A field used to relate each parcel to the Current_Tract_Ownership_Data.dbf file located on the NPS Data Store. </attrdef><attrdefs Sync="FALSE">"Land Acquisition Procedures (LAPS)", revised 2009. </attrdefs><attrdomv><udom Sync="FALSE">Attributes were created according to the National Park Service, Washington Land Resources Division, Land Acquisition Procedures (LAPS) revised 2009. </udom></attrdomv><attalias Sync="FALSE">Areatract </attalias><attrtype Sync="FALSE">String </attrtype><attwidth Sync="FALSE">16 </attwidth><atprecis Sync="FALSE">0</atprecis><attscale Sync="FALSE">0</attscale></attr></detailed><overview><eaover>Attributes were created according to the National Park Service, Land Resources Division, Land Acquisition Procedures (LAPS).</eaover><eadetcit>"Land Acquisition Procedures (LAPS)", Mapping Standards - Chapter 5, revised 2009. </eadetcit></overview></eainfo><distinfo><distrib><cntinfo><cntorgp><cntorg>NPS - Land Resources Division, WASO-FC </cntorg><cntper>Roger Johnson </cntper></cntorgp><cntpos>Chief Cartographer </cntpos><cntaddr><addrtype>mailing and physical address</addrtype><address>301 South Howes Street Suite 208 </address><city>Fort Collins </city><state>CO </state><postal>80522 </postal><country>USA</country></cntaddr><cntvoice>970-484-6428 </cntvoice><cntfax>970-484-6432 </cntfax><cntemail>roger_m_johnson@nps.gov </cntemail><hours>7:00am-5:30pm Mountain Monday-Thursday </hours></cntinfo></distrib><distliab>Property ownership data is compiled from deeds, plats, surveys, and other source data. These are not engineering quality drawings and should be used for administrative purposes only. The National Park Service shall not be held liable for improper or incorrect use of the data described and/or contained herein. These data and related graphics are not legal documents and are not intended to be used as such. The information contained in these data is dynamic and may change over time. The data are not better than the original sources from which they were derived. It is the responsibility of the data user to use the data appropriately and consistent within the limitations of geospatial data in general and these data in particular. The related graphics are intended to aid the data user in acquiring relevant data; it is not appropriate to use the related graphics as data. The National Park Service gives no warranty, expressed or implied, as to the accuracy, reliability, or completeness of these data. It is strongly recommended that these data are directly acquired from an NPS server and not indirectly through other sources which may have changed the data in some way. Although these data have been processed successfully on a computer system at the National Park Service, no warranty expressed or implied is made regarding the utility of the data on another system or for general or scientific purposes, nor shall the act of distribution constitute any such warranty. This disclaimer applies both to individual use of the data and aggregate use with other data.</distliab><stdorder><digform><digtinfo><formname>ESRI Shapefile </formname></digtinfo><digtopt><onlinopt><computer><networka><networkr>http://nrdata.nps.gov/programs/Lands/goga_tracts.zip </networkr></networka></computer></onlinopt></digtopt></digform><fees>None </fees></stdorder><resdesc>goga.shp and goga_boundary.shp </resdesc><custom>
To get a hard copy plot, contact Land Resources Program
Center for replacement costs and turnaround times.
</custom></distinfo><metainfo><metd Sync="FALSE">20150419</metd><metc><cntinfo><cntorgp><cntorg>NPS Land Resources Division, Fort Collins </cntorg><cntper>Sean Carlton </cntper></cntorgp><cntpos>Cartographer </cntpos><cntaddr><addrtype>Mailing and physical address</addrtype><address>301 S. Howes Street Suite 208 </address><city>Fort Collins </city><state>CO </state><postal>80522 </postal><country>USA</country></cntaddr><cntvoice>970-416-8529 </cntvoice><cntfax>970-484-6432 </cntfax><cntemail>Sean_Carlton@nps.gov </cntemail><hours>7:00am-3:30pm M-F Mountain </hours></cntinfo></metc><metstdn Sync="FALSE">FGDC Content Standards for Digital Geospatial Metadata </metstdn><metstdv Sync="FALSE">FGDC-STD-001-1998 </metstdv><metextns><onlink Sync="FALSE">http://www.esri.com/metadata/esriprof80.html</onlink><metprof Sync="FALSE">ESRI Metadata Profile</metprof></metextns><metextns><onlink Sync="FALSE">http://nrdata.nps.gov/profiles/NPS_Profile.xml</onlink><metprof Sync="FALSE">NPS Metadata Profile</metprof></metextns><langmeta Sync="FALSE">en</langmeta><mettc Sync="FALSE">local time</mettc></metainfo></metadata>
